payment_id,claim_id,payment_amount,payment_year,payment_month
20001,10001,4777.43,2018,7
20002,10002,1197.52,2022,2
20003,10002,1353.41,2022,5
20004,10002,2903.37,2022,8
20005,10002,881.28,2023,2
20006,10003,4640.37,2023,7
20007,10004,6517.61,2025,2
20008,10005,50.37,2023,12
20009,10005,51.56,2024,1
20010,10005,603.36,2024,2
20011,10005,49.68,2024,3
20012,10005,55.1,2024,4
20013,10005,48.44,2024,5
20014,10005,903.83,2024,6
20015,10005,49.87,2024,7
20016,10005,48.97,2024,8
20017,10005,62.26,2024,9
20018,10005,1905.92,2024,10
20019,10005,62.24,2024,11
20020,10005,52.97,2024,12
20021,10005,62.06,2025,1
20022,10005,1374.85,2025,2
20023,10005,848.26,2025,8
20024,10005,657.99,2025,11
20025,10006,891.94,2024,3
20026,10006,1242.1,2024,4
20027,10006,2082.15,2024,9
20028,10006,322.06,2024,10
20029,10007,859.04,2018,6
20030,10007,1576.27,2018,8
20031,10007,1612.3,2019,1
20032,10007,837.66,2019,6
20033,10008,1354.34,2022,7
20034,10008,4016.21,2023,1
20035,10008,1652.92,2023,5
20036,10008,2217.37,2023,9
20037,10009,553.12,2019,12
20038,10009,720.62,2020,1
20039,10009,1025.36,2020,5
20040,10010,4799.57,2018,12
20041,10010,531.49,2019,1
20042,10010,484.76,2019,2
20043,10010,502.39,2019,3
20044,10010,477.96,2019,4
20045,10010,472.26,2019,5
20046,10010,470.01,2019,6
20047,10010,7257.25,2019,7
20048,10010,529.22,2019,8
20049,10010,525.93,2019,9
20050,10010,7369.25,2019,10
20051,10010,519.7,2019,11
20052,10010,412.61,2019,12
20053,10010,445.98,2020,1
20054,10010,448.69,2020,2
20055,10010,422.77,2020,3
20056,10010,6545.13,2020,4
20057,10010,4175.65,2020,8
20058,10010,3616.35,2020,12
20059,10011,1943.71,2025,7
20060,10012,338.35,2018,6
20061,10012,334.04,2018,7
20062,10012,1134.07,2018,8
20063,10012,1254.62,2018,9
20064,10012,723.11,2018,10
20065,10012,1918.99,2018,11
20066,10012,1702.79,2019,3
20067,10012,1294,2019,9
20068,10012,261.01,2019,11
20069,10013,713.97,2022,9
20070,10013,736.71,2022,10
20071,10013,1395.78,2023,3
20072,10013,204.66,2023,5
20073,10014,87.58,2023,6
20074,10014,1472.55,2023,7
20075,10014,106.38,2023,8
20076,10014,104.56,2023,9
20077,10014,92.78,2023,10
20078,10014,2013.04,2023,11
20079,10014,112.31,2023,12
20080,10014,110.32,2024,1
20081,10014,3292.43,2024,2
20082,10014,112.4,2024,3
20083,10014,98.05,2024,4
20084,10014,110.79,2024,5
20085,10014,2804.11,2024,6
20086,10014,105.17,2024,7
20087,10014,103.53,2024,8
20088,10014,2050.26,2024,9
20089,10015,4333.54,2018,5
20090,10016,4165.95,2020,9
20091,10017,528.97,2023,12
20092,10017,1124.23,2024,2
20093,10017,1122.93,2024,5
20094,10017,459.16,2024,9
20095,10018,513.04,2022,3
20096,10018,872.42,2022,5
20097,10018,1206.89,2022,7
20098,10018,91.67,2022,8
20099,10019,263.88,2022,5
20100,10019,362.22,2022,8
20101,10019,558.03,2022,12
20102,10019,278.97,2023,7
20103,10020,8405.94,2019,7
20104,10021,236.51,2025,3
20105,10021,227.56,2025,5
20106,10021,386.15,2025,8
20107,10021,159,2025,9
20108,10022,1804.76,2025,5
20109,10023,7475.88,2018,10
20110,10023,749.86,2019,4
20111,10024,444.68,2021,4
20112,10024,89.17,2021,5
20113,10024,88.05,2021,6
20114,10024,79.63,2021,7
20115,10024,96.05,2021,8
20116,10024,91.58,2021,9
20117,10024,648.69,2021,10
20118,10024,519.34,2021,11
20119,10024,87.87,2021,12
20120,10024,1333.3,2022,1
20121,10024,78.27,2022,2
20122,10024,83.19,2022,3
20123,10024,95.43,2022,4
20124,10024,1224.98,2022,5
20125,10024,75.79,2022,6
20126,10024,599.38,2022,10
20127,10024,510.18,2023,2
20128,10025,1033.53,2025,12
20129,10026,305.18,2025,1
20130,10026,413.53,2025,4
20131,10026,705.81,2025,7
20132,10026,111.69,2025,8
20133,10027,14886.54,2023,4
20134,10028,1336.61,2025,4
20135,10028,2055.65,2025,9
20136,10028,6937.63,2025,11
20137,10028,2393.53,2025,12
20138,10029,1994.56,2020,5
20139,10029,4073.74,2020,8
20140,10029,2089.51,2020,9
20141,10029,2903.23,2021,4
20142,10030,19.82,2024,4
20143,10030,24.89,2024,5
20144,10030,267,2024,6
20145,10030,19.94,2024,7
20146,10030,21.09,2024,8
20147,10030,203.7,2024,9
20148,10030,19.46,2024,10
20149,10030,25.61,2024,11
20150,10030,22.36,2024,12
20151,10030,151.76,2025,1
20152,10030,22.13,2025,2
20153,10030,753.67,2025,3
20154,10030,21.72,2025,4
20155,10030,21.92,2025,5
20156,10030,774.53,2025,9
20157,10031,4336.05,2021,12
20158,10032,1639.81,2023,1
20159,10032,2494.05,2023,3
20160,10032,3873.12,2023,5
20161,10033,5894.31,2024,12
20162,10034,5727.47,2019,7
20163,10035,6448.75,2025,12
20164,10036,9124.8,2022,10
20165,10037,231.89,2024,4
20166,10037,232.57,2024,5
20167,10037,1877.83,2024,6
20168,10037,1677.35,2024,7
20169,10037,239.07,2024,8
20170,10037,253.01,2024,9
20171,10037,300.72,2024,10
20172,10037,307.74,2024,11
20173,10037,3234.93,2025,2
20174,10037,2743.47,2025,7
20175,10037,2320.96,2025,10
20176,10038,1034.1,2023,12
20177,10038,2240.72,2024,1
20178,10038,1009.57,2024,2
20179,10038,1247.75,2024,3
20180,10038,784.41,2024,6
20181,10038,3724.1,2024,10
20182,10038,2644.03,2025,2
20183,10038,1765.61,2025,9
20184,10039,2955.76,2023,9
20185,10040,3930.94,2021,9
20186,10041,2151.62,2022,5
20187,10041,494.4,2022,6
20188,10041,554.42,2022,7
20189,10041,555.78,2022,8
20190,10041,458.08,2022,9
20191,10041,537.22,2022,10
20192,10041,3338.35,2022,11
20193,10041,1639.74,2022,12
20194,10041,2525.74,2023,4
20195,10041,2073.87,2023,11
20196,10041,386.66,2024,3
20197,10042,2285.81,2019,5
20198,10043,1936.05,2022,10
20199,10043,3070.39,2023,1
20200,10043,3707.17,2023,3
20201,10043,3285.06,2023,9
20202,10044,214.3,2024,9
20203,10044,196.94,2024,10
20204,10044,1409.79,2024,11
20205,10044,214.47,2024,12
20206,10044,188.51,2025,1
20207,10044,2320.4,2025,2
20208,10044,2133.61,2025,3
20209,10044,233.58,2025,4
20210,10044,2169.75,2025,9
20211,10045,2562.1,2023,1
20212,10045,3870.79,2023,3
20213,10045,4703.27,2023,5
20214,10045,987.25,2023,12
20215,10046,208.05,2020,6
20216,10046,16.43,2020,7
20217,10046,15.74,2020,8
20218,10046,241.39,2020,9
20219,10046,15.04,2020,10
20220,10046,15.17,2020,11
20221,10046,13.84,2020,12
20222,10046,17.81,2021,1
20223,10046,683.22,2021,2
20224,10046,14.35,2021,3
20225,10046,15.83,2021,4
20226,10046,18.13,2021,5
20227,10046,14.5,2021,6
20228,10046,657.85,2021,7
20229,10046,14.11,2021,8
20230,10046,17.49,2021,9
20231,10046,17.66,2021,10
20232,10046,14.95,2021,11
20233,10046,322.29,2022,2
20234,10046,364.26,2022,7
20235,10047,189.08,2023,11
20236,10047,15.36,2023,12
20237,10047,13,2024,1
20238,10047,13.18,2024,2
20239,10047,14.39,2024,3
20240,10047,13.13,2024,4
20241,10047,14.07,2024,5
20242,10047,14.65,2024,6
20243,10047,192.24,2024,7
20244,10047,14.34,2024,8
20245,10047,445.12,2024,9
20246,10047,115.89,2024,10
20247,10047,15.57,2024,11
20248,10047,14.32,2024,12
20249,10047,14.79,2025,1
20250,10047,360.88,2025,2
20251,10047,201.47,2025,9
20252,10047,155.53,2025,12
20253,10048,7836.54,2019,11
20254,10048,983.83,2020,4
20255,10049,156.4,2023,3
20256,10049,2237.82,2023,4
20257,10049,167.57,2023,5
20258,10049,171.69,2023,6
20259,10049,2164.28,2023,7
20260,10049,167.22,2023,8
20261,10049,153.93,2023,9
20262,10049,179.98,2023,10
20263,10049,5800.08,2023,11
20264,10049,158.48,2023,12
20265,10049,168.41,2024,1
20266,10049,184.97,2024,2
20267,10049,191.15,2024,3
20268,10049,170.5,2024,4
20269,10049,5546.88,2024,5
20270,10049,173.11,2024,6
20271,10049,151.65,2024,7
20272,10049,2926.99,2024,8
20273,10049,1747.78,2025,1
20274,10050,7168.03,2021,9
20275,10051,1487.14,2023,9
20276,10051,5138.67,2024,3
20277,10051,2677.95,2024,7
20278,10051,1133.42,2024,12
20279,10052,8980.59,2020,7
20280,10052,1017.52,2021,1
20281,10053,510.59,2021,6
20282,10053,290.55,2021,7
20283,10054,2406.63,2021,10
20284,10054,3713.79,2022,1
20285,10054,4568.08,2022,3
20286,10054,2070.39,2022,9
20287,10055,217.85,2023,8
20288,10055,1800.53,2023,9
20289,10055,193.97,2023,10
20290,10055,245.05,2023,11
20291,10055,1628.57,2023,12
20292,10055,2765.89,2024,1
20293,10055,200.48,2024,2
20294,10055,1012.72,2024,3
20295,10055,2534.16,2024,6
20296,10055,1540.01,2024,11
20297,10055,533.46,2025,2
20298,10056,382.19,2019,9
20299,10056,568.94,2019,12
20300,10056,719.75,2020,5
20301,10056,74.28,2020,11
20302,10057,1846.7,2021,5
20303,10057,192.12,2021,6
20304,10057,202.53,2021,7
20305,10057,2849.45,2021,8
20306,10057,194.41,2021,9
20307,10057,214.87,2021,10
20308,10057,235.95,2021,11
20309,10057,239.5,2021,12
20310,10057,204.85,2022,1
20311,10057,227.55,2022,2
20312,10057,3559.61,2022,3
20313,10057,241.3,2022,4
20314,10057,2872.6,2022,6
20315,10057,1663.17,2022,11
20316,10057,1695.78,2023,1
20317,10058,927.03,2020,10
20318,10058,3733.99,2021,1
20319,10058,1419.69,2021,3
20320,10058,1543.59,2021,8
20321,10059,3177.75,2023,12
20322,10060,3448.27,2019,1
20323,10061,1182.91,2023,6
20324,10061,615.35,2023,7
20325,10062,9139.55,2024,1
20326,10063,1527.59,2019,5
20327,10063,2307.69,2019,8
20328,10063,2735.68,2020,1
20329,10063,1801.92,2020,5
20330,10064,6081.14,2022,3
20331,10065,1745.25,2023,2
20332,10065,621.5,2023,3
20333,10065,526.7,2023,4
20334,10065,2512.7,2023,5
20335,10065,3196.2,2023,10
20336,10065,2842.41,2024,2
20337,10065,2422.57,2024,6
20338,10065,899.16,2024,7
20339,10066,96.17,2023,3
20340,10066,599.86,2023,4
20341,10066,79.34,2023,5
20342,10066,79.05,2023,6
20343,10066,90.89,2023,7
20344,10066,477.26,2023,8
20345,10066,79.21,2023,9
20346,10066,379.33,2023,10
20347,10066,77.76,2023,11
20348,10066,84.27,2023,12
20349,10066,1282.61,2024,2
20350,10066,1273.95,2024,7
20351,10066,672.89,2024,10
20352,10066,192.96,2024,12
20353,10067,3103.14,2021,11
20354,10067,8911.13,2022,4
20355,10067,4320.89,2022,6
20356,10067,3513.48,2022,8
20357,10068,2375.7,2025,9
20358,10069,1257.81,2021,4
20359,10069,1523.73,2021,5
20360,10069,2515.82,2021,10
20361,10069,312.6,2022,2
20362,10070,1986.17,2022,9
20363,10070,912.45,2022,10
20364,10071,24470.91,2022,11
20365,10072,1041.01,2022,8
20366,10072,621.09,2022,11
20367,10073,6212.98,2023,12
20368,10073,23020.05,2024,1
20369,10073,5367.38,2024,2
20370,10073,6408.58,2024,3
20371,10073,6710.14,2024,4
20372,10073,22839.89,2024,7
20373,10073,59920.56,2024,10
20374,10073,38811.7,2025,1
20375,10073,29831.12,2025,6
20376,10073,13194.13,2025,10
20377,10074,1262.5,2019,11
20378,10074,2353.86,2020,2
20379,10074,3342.85,2020,4
20380,10074,937.32,2020,11
20381,10075,325.82,2021,12
20382,10075,384.17,2022,1
20383,10075,3754.69,2022,2
20384,10075,362.46,2022,3
20385,10075,352.06,2022,4
20386,10075,4785.89,2022,5
20387,10075,2934.72,2022,6
20388,10075,355.63,2022,7
20389,10075,9427.22,2022,8
20390,10075,408.6,2022,9
20391,10075,333.18,2022,10
20392,10075,411.69,2022,11
20393,10075,419.35,2022,12
20394,10075,8134.22,2023,1
20395,10075,359.23,2023,2
20396,10075,418.38,2023,3
20397,10075,6217.63,2023,4
20398,10075,1485.55,2023,9
20399,10076,3391.01,2019,11
20400,10077,684.32,2021,3
20401,10077,89.92,2021,4
20402,10077,72.62,2021,5
20403,10077,1064.55,2021,6
20404,10077,77.32,2021,7
20405,10077,81.74,2021,8
20406,10077,89.65,2021,9
20407,10077,79.14,2021,10
20408,10077,93.93,2021,11
20409,10077,71.88,2021,12
20410,10077,1783.28,2022,2
20411,10077,1603.77,2022,6
20412,10077,830.03,2022,12
20413,10077,384.81,2023,2
20414,10078,1676.76,2019,9
20415,10078,4436.44,2019,12
20416,10078,2706.32,2020,6
20417,10078,3481.24,2021,2
20418,10079,4527.35,2023,8
20419,10080,2129.1,2021,12
20420,10080,529.52,2022,1
20421,10080,589.23,2022,2
20422,10080,539.67,2022,3
20423,10080,2134.66,2022,4
20424,10080,1608.96,2022,5
20425,10080,3896.68,2022,7
20426,10080,3158.2,2023,1
20427,10080,1918.51,2023,4
20428,10080,1315.18,2023,9
20429,10081,1773.72,2024,5
20430,10081,5224.84,2024,10
20431,10081,2489.57,2024,12
20432,10081,1061.91,2025,3
20433,10082,884.65,2023,1
20434,10082,918.2,2023,3
20435,10082,1507.17,2023,6
20436,10082,769.57,2023,12
20437,10083,1445.13,2024,6
20438,10083,1946.18,2024,9
20439,10083,3202.28,2024,11
20440,10083,358.83,2025,3
20441,10084,20960.98,2022,3
20442,10085,2025.7,2023,11
20443,10086,383.55,2023,10
20444,10086,81.02,2023,11
20445,10086,95.01,2023,12
20446,10086,76.27,2024,1
20447,10086,89.2,2024,2
20448,10086,94.02,2024,3
20449,10086,916.08,2024,4
20450,10086,83.16,2024,5
20451,10086,96.21,2024,6
20452,10086,1533.98,2024,7
20453,10086,93.62,2024,8
20454,10086,82.43,2024,9
20455,10086,89.73,2024,10
20456,10086,1132.77,2025,1
20457,10086,849.48,2025,8
20458,10086,164.26,2025,11
20459,10087,803.21,2025,4
20460,10087,1029.55,2025,5
20461,10087,1657.85,2025,8
20462,10087,951.42,2025,9
20463,10088,17169.16,2019,8
20464,10088,3537.44,2019,9
20465,10088,3460.49,2019,10
20466,10088,3841.98,2019,11
20467,10088,3815.51,2019,12
20468,10088,14471.1,2020,2
20469,10088,41503.48,2020,6
20470,10088,36544.32,2020,10
20471,10088,20534.58,2021,1
20472,10088,26197.19,2021,4
20473,10089,5265.88,2023,1
20474,10089,674.34,2023,5
20475,10090,755.02,2023,2
20476,10090,923.99,2023,3
20477,10090,1288.01,2023,8
20478,10090,130.08,2023,11
20479,10091,4727.7,2024,6
20480,10091,4889.19,2024,8
20481,10091,6365.84,2025,1
20482,10091,3123.72,2025,3
20483,10092,614.55,2024,3
20484,10092,609.53,2024,6
20485,10092,1220.99,2024,10
20486,10092,67.87,2024,11
20487,10093,1198.23,2023,9
20488,10093,20693.4,2023,10
20489,10093,1442.08,2023,11
20490,10093,1326.76,2023,12
20491,10093,19131.3,2024,1
20492,10093,1264.54,2024,2
20493,10093,1122.79,2024,3
20494,10093,18554.25,2024,4
20495,10093,1226.72,2024,5
20496,10093,1407.83,2024,6
20497,10093,11880.94,2024,7
20498,10093,1155.39,2024,8
20499,10093,1410.2,2024,9
20500,10093,3246.62,2024,11
20501,10094,3572.75,2023,9
20502,10094,1113.37,2023,10
20503,10094,1115.41,2023,11
20504,10094,2832.16,2023,12
20505,10094,3950.09,2024,2
20506,10094,2951.47,2024,7
20507,10094,2009.85,2024,11
20508,10094,870.66,2025,1
20509,10095,123.58,2025,9
20510,10095,1042.78,2025,10
20511,10095,118.86,2025,11
20512,10095,127.66,2025,12
20513,10096,1718.36,2025,8
20514,10097,6494.31,2023,9
20515,10097,18445.29,2024,2
20516,10097,7029.68,2024,7
20517,10097,3674.05,2024,11
20518,10098,750.77,2023,3
20519,10098,1624.35,2023,8
20520,10098,935.53,2023,9
20521,10098,305.92,2024,2
20522,10099,368.16,2021,6
20523,10099,1484.62,2021,7
20524,10099,350.95,2021,8
20525,10099,324.15,2021,9
20526,10099,342.39,2021,10
20527,10099,305.67,2021,11
20528,10099,4780.26,2021,12
20529,10099,336.83,2022,1
20530,10099,743.85,2022,4
20531,10099,2613.22,2022,5
20532,10099,1710.72,2022,8
20533,10099,1645.22,2022,10
20534,10100,2188.86,2023,5
20535,10100,2172.32,2023,7
20536,10100,4340.95,2023,9
20537,10100,1312.57,2024,2
20538,10101,869.38,2024,4
20539,10101,1126.87,2024,7
20540,10101,1872.23,2024,12
20541,10101,222.68,2025,3
20542,10102,947.37,2019,11
20543,10102,985.6,2020,1
20544,10102,1607.52,2020,6
20545,10102,800.47,2020,9
20546,10103,1600.19,2023,8
20547,10103,155.55,2023,9
20548,10103,133.84,2023,10
20549,10103,160.5,2023,11
20550,10103,129.56,2023,12
20551,10103,143.85,2024,1
20552,10103,1495.71,2024,2
20553,10103,2754.57,2024,3
20554,10103,144.83,2024,4
20555,10103,161.54,2024,5
20556,10103,165.2,2024,6
20557,10103,157.81,2024,7
20558,10103,140.22,2024,8
20559,10103,2440.25,2024,9
20560,10103,134.49,2024,10
20561,10103,160.54,2024,11
20562,10103,127.56,2024,12
20563,10103,1699.22,2025,2
20564,10103,480.96,2025,4
20565,10104,1123.87,2019,9
20566,10104,131.83,2019,10
20567,10104,115.19,2019,11
20568,10104,119.61,2019,12
20569,10104,117.38,2020,1
20570,10104,4130.9,2020,2
20571,10104,2665.43,2020,3
20572,10104,126.52,2020,4
20573,10104,120.02,2020,5
20574,10104,4393.6,2020,6
20575,10104,109.47,2020,7
20576,10104,128.01,2020,8
20577,10104,2242.09,2020,9
20578,10104,123.84,2020,10
20579,10104,128.72,2020,11
20580,10104,2002.8,2021,4
20581,10105,6303.09,2022,11
20582,10106,520.01,2025,9
20583,10106,673.64,2025,10
20584,10106,1204.08,2025,12
20585,10107,1169.83,2023,10
20586,10107,1474.64,2023,11
20587,10107,2658.04,2024,1
20588,10107,221.84,2024,7
20589,10108,1116.61,2023,11
20590,10108,1740.5,2023,12
20591,10108,2731.59,2024,2
20592,10108,540.6,2024,5
20593,10109,3756.35,2025,1
20594,10110,602.88,2022,1
20595,10110,362.32,2022,2
20596,10110,1802.7,2022,3
20597,10110,359.67,2022,4
20598,10110,311.38,2022,5
20599,10110,338.78,2022,6
20600,10110,2269.47,2022,10
20601,10110,1666.99,2023,3
20602,10110,1277.4,2023,8
20603,10110,711.4,2024,1
20604,10111,123.6,2022,11
20605,10111,1596.57,2022,12
20606,10111,1895.61,2023,1
20607,10111,111.75,2023,2
20608,10111,120.75,2023,3
20609,10111,118.39,2023,4
20610,10111,124.29,2023,5
20611,10111,122.68,2023,6
20612,10111,3188.97,2023,7
20613,10111,129.37,2023,8
20614,10111,102.2,2023,9
20615,10111,2418.18,2023,12
20616,10111,1702.9,2024,7
20617,10111,316.5,2024,8
20618,10112,5788.39,2019,2
20619,10113,13085.42,2023,3
20620,10114,454.18,2025,10
20621,10114,1960.04,2025,11
20622,10114,403.18,2025,12
20623,10115,2446.26,2022,11
20624,10115,2895.16,2022,12
20625,10115,5192.54,2023,4
20626,10115,2000.43,2023,10
20627,10116,578,2021,4
20628,10116,783.5,2021,7
20629,10116,1155.99,2021,10
20630,10117,1850.92,2024,10
20631,10117,751.26,2025,1
20632,10118,6669.01,2023,6
20633,10119,3941.74,2022,6
20634,10120,975.55,2022,3
20635,10120,291.61,2022,4
20636,10120,321.3,2022,5
20637,10120,240.92,2022,6
20638,10120,295.34,2022,7
20639,10120,761.8,2022,9
20640,10120,1643.54,2023,2
20641,10120,1214.59,2023,5
20642,10120,1004.34,2023,11
20643,10120,139.62,2024,4
20644,10121,3264.49,2020,12
20645,10122,146.87,2021,6
20646,10122,116.74,2021,7
20647,10122,1548.85,2021,8
20648,10122,118.82,2021,9
20649,10122,142.76,2021,10
20650,10122,155.93,2021,11
20651,10122,2050.08,2021,12
20652,10122,135.54,2022,1
20653,10122,152.95,2022,2
20654,10122,2485.98,2022,3
20655,10122,128.24,2022,4
20656,10122,125.34,2022,5
20657,10122,149.63,2022,6
20658,10122,153.65,2022,7
20659,10122,151.09,2022,8
20660,10122,2301.68,2022,9
20661,10122,1318.07,2022,12
20662,10122,1143.44,2023,7
20663,10123,5514.77,2020,1
20664,10124,8952.56,2022,4
20665,10125,1534,2025,10
20666,10126,238.05,2023,2
20667,10126,273.17,2023,3
20668,10126,1327.95,2023,4
20669,10126,284.53,2023,5
20670,10126,273.86,2023,6
20671,10126,290.71,2023,7
20672,10126,271.02,2023,8
20673,10126,4074.21,2023,9
20674,10126,2112.26,2023,12
20675,10126,1249.52,2024,3
20676,10126,1102.99,2024,8
20677,10127,4966.94,2025,7
20678,10127,1790.66,2025,10
20679,10128,5224.33,2021,3
20680,10129,885.63,2024,8
20681,10129,871.55,2024,10
20682,10129,1848.21,2025,1
20683,10129,59.83,2025,5
20684,10130,99.87,2024,11
20685,10130,777.36,2024,12
20686,10130,107.06,2025,1
20687,10130,2013.77,2025,2
20688,10130,108.65,2025,3
20689,10130,111.7,2025,4
20690,10130,98.52,2025,5
20691,10130,100.37,2025,6
20692,10130,2532.9,2025,7
20693,10130,111.13,2025,8
20694,10130,114.39,2025,9
20695,10130,105.61,2025,10
20696,10130,91.43,2025,11
20697,10130,2276.15,2025,12
20698,10131,1212.87,2025,10
20699,10132,958.5,2023,5
20700,10132,988.35,2023,7
20701,10132,1866.85,2023,12
20702,10132,227.67,2024,1
20703,10133,196.44,2020,3
20704,10133,725.77,2020,6
20705,10133,334.73,2020,10
20706,10133,548.39,2021,5
20707,10134,1152.59,2018,11
20708,10134,1105.8,2018,12
20709,10134,2196.25,2019,2
20710,10134,441.96,2019,8
20711,10135,1012.18,2019,7
20712,10135,1004.43,2019,8
20713,10135,2148.48,2019,12
20714,10135,280.02,2020,6
20715,10136,1310.42,2024,12
20716,10136,1426.61,2025,3
20717,10136,2757.74,2025,7
20718,10136,162.33,2025,10
20719,10137,1384.08,2021,6
20720,10137,183.12,2021,7
20721,10137,175.53,2021,8
20722,10137,149.98,2021,9
20723,10137,152.88,2021,10
20724,10137,184.9,2021,11
20725,10137,2298.76,2021,12
20726,10137,4974.52,2022,1
20727,10137,159.01,2022,2
20728,10137,165.12,2022,3
20729,10137,3328.36,2022,4
20730,10137,170.41,2022,5
20731,10137,3036.6,2022,8
20732,10137,980.39,2022,10
20733,10138,733,2020,3
20734,10138,673.57,2020,5
20735,10138,1331.32,2020,8
20736,10138,404.84,2020,9
20737,10139,1612.6,2021,12
20738,10139,1825.22,2022,2
20739,10139,3649.3,2022,6
20740,10139,1801.59,2023,1
20741,10140,2316.09,2022,4
20742,10140,1182.64,2022,5
20743,10141,3574.45,2020,1
20744,10141,1028.09,2020,2
20745,10141,895.78,2020,3
20746,10141,987.44,2020,4
20747,10141,933.24,2020,5
20748,10141,10987.92,2020,6
20749,10141,976.07,2020,7
20750,10141,6659.36,2020,8
20751,10141,904.55,2020,9
20752,10141,9712.45,2020,10
20753,10141,6029.83,2021,3
20754,10141,5646.48,2021,8
20755,10142,4643.96,2023,4
20756,10143,915.64,2025,11
20757,10144,1129.99,2023,2
20758,10144,3620.26,2023,5
20759,10144,1208.38,2023,6
20760,10144,1127.36,2023,10
20761,10145,2692.41,2024,8
20762,10145,1136.73,2024,12
20763,10145,872.22,2025,2
20764,10146,733.13,2025,10
20765,10146,1400.65,2025,11
20766,10147,2784.56,2020,11
20767,10148,1235.23,2019,3
20768,10148,2252.83,2019,4
20769,10148,3107.43,2019,8
20770,10148,604.07,2020,1
20771,10149,3511.05,2022,11
20772,10150,1363.52,2023,8
20773,10150,1750.18,2023,10
20774,10150,2137.4,2023,12
20775,10150,758.12,2024,3
20776,10151,1136.65,2025,6
20777,10151,1568.82,2025,8
20778,10151,2232.28,2025,10
20779,10152,1966.08,2021,2
20780,10152,1803.54,2021,3
20781,10152,3369.04,2021,7
20782,10152,1665.52,2021,11
20783,10153,6931.2,2023,4
20784,10154,1315.53,2019,3
20785,10154,2721.76,2019,6
20786,10154,1508.63,2019,10
20787,10154,1126.01,2020,1
20788,10155,984.78,2019,5
20789,10155,1387.2,2019,8
20790,10155,2201.32,2019,12
20791,10155,680.27,2020,7
20792,10156,3432.29,2024,1
20793,10157,1828.18,2020,4
20794,10157,487.2,2020,5
20795,10157,391.06,2020,6
20796,10157,409.17,2020,7
20797,10157,516.06,2020,8
20798,10157,511.71,2020,9
20799,10157,5935.16,2020,10
20800,10157,1747.96,2020,12
20801,10157,4329.08,2021,1
20802,10157,2311.01,2021,5
20803,10157,2166.74,2021,11
20804,10158,78.74,2025,6
20805,10158,995.39,2025,7
20806,10158,79.36,2025,8
20807,10158,70.99,2025,9
20808,10158,67.46,2025,10
20809,10158,87.33,2025,11
20810,10158,82.68,2025,12
20811,10159,535.98,2023,5
20812,10159,701.53,2023,8
20813,10159,665.49,2023,10
20814,10159,294.99,2024,4
20815,10160,2150.45,2021,8
20816,10160,2079.94,2021,10
20817,10160,4052.43,2022,2
20818,10160,1544.39,2022,4
20819,10161,275.57,2018,2
20820,10161,1703.24,2018,3
20821,10161,212.17,2018,4
20822,10161,206.72,2018,5
20823,10161,241.58,2018,6
20824,10161,1926.23,2018,7
20825,10161,227.28,2018,8
20826,10161,239.88,2018,9
20827,10161,233.75,2018,10
20828,10161,232.15,2018,11
20829,10161,5007.11,2018,12
20830,10161,255.99,2019,1
20831,10161,244.24,2019,2
20832,10161,270.91,2019,3
20833,10161,4457.8,2019,6
20834,10161,2816.65,2019,9
20835,10161,995.87,2020,1
20836,10162,289.25,2021,11
20837,10162,465.17,2022,3
20838,10162,1022.55,2022,4
20839,10162,236.05,2022,10
20840,10163,452.98,2025,9
20841,10163,341.6,2025,10
20842,10163,2162.57,2025,11
20843,10163,446.46,2025,12
20844,10164,950.38,2020,12
20845,10164,838.7,2021,1
20846,10164,1452.6,2021,5
20847,10164,897.71,2021,6
20848,10165,2980.94,2019,12
20849,10165,1638.32,2020,2
20850,10166,5210.28,2018,12
20851,10167,1567.29,2023,5
20852,10167,772.54,2023,6
20853,10167,797.96,2023,7
20854,10167,792.08,2023,8
20855,10167,822.05,2023,9
20856,10167,847.2,2023,10
20857,10167,2629.08,2023,11
20858,10167,5067.58,2024,3
20859,10167,4173.3,2024,10
20860,10167,2127.26,2025,4
20861,10167,855.19,2025,8
20862,10168,4551.88,2022,8
20863,10168,715.2,2022,9
20864,10168,687.74,2022,10
20865,10168,7722.08,2022,11
20866,10168,676.85,2022,12
20867,10168,677.14,2023,1
20868,10168,666.03,2023,2
20869,10168,19722.37,2023,3
20870,10168,644.86,2023,4
20871,10168,621.43,2023,5
20872,10168,687.15,2023,6
20873,10168,778.31,2023,7
20874,10168,658.4,2023,8
20875,10168,17626.13,2023,9
20876,10168,9567.56,2023,12
20877,10168,3131.7,2024,1
20878,10169,34.12,2025,2
20879,10169,382.89,2025,3
20880,10169,29.07,2025,4
20881,10169,34.63,2025,5
20882,10169,292.66,2025,6
20883,10169,35.44,2025,7
20884,10169,33.57,2025,8
20885,10169,38.31,2025,9
20886,10169,1180.14,2025,10
20887,10169,34.8,2025,11
20888,10169,29.18,2025,12
20889,10170,5136.84,2022,10
20890,10170,469.52,2023,2
20891,10171,4313.61,2024,9
20892,10172,836.88,2018,10
20893,10172,2321.25,2019,2
20894,10172,872.02,2019,3
20895,10172,791.62,2019,6
20896,10173,1208.23,2021,12
20897,10173,3568.81,2022,6
20898,10173,1467.38,2022,9
20899,10173,1396.53,2023,4
20900,10174,1010.34,2020,8
20901,10174,167.64,2020,9
20902,10174,185.77,2020,10
20903,10174,186.72,2020,11
20904,10174,1540.62,2020,12
20905,10174,184.11,2021,1
20906,10174,156.38,2021,2
20907,10174,164.59,2021,3
20908,10174,175.89,2021,4
20909,10174,172.68,2021,5
20910,10174,2130.61,2021,7
20911,10174,2220.54,2021,12
20912,10174,1178.38,2022,3
20913,10174,1033.56,2022,5
20914,10175,7273.81,2020,2
20915,10175,1937.85,2020,3
20916,10175,1807.91,2020,4
20917,10175,7021.13,2020,5
20918,10175,1835.6,2020,6
20919,10175,1725.03,2020,7
20920,10175,1947.68,2020,8
20921,10175,12220.14,2020,10
20922,10175,11562.07,2021,2
20923,10175,7509.26,2021,6
20924,10175,7423.02,2021,12
20925,10176,1878.89,2023,11
20926,10176,3899.95,2024,3
20927,10176,1630.6,2024,6
20928,10176,1143.59,2024,8
20929,10177,8743.55,2024,1
20930,10178,4603.47,2021,8
20931,10179,3217.12,2025,11
20932,10180,2112.48,2024,4
20933,10180,5295.82,2024,7
20934,10180,1879.44,2025,1
20935,10180,1469.18,2025,2
20936,10181,4746.28,2022,10
20937,10182,800.96,2025,9
20938,10182,1036.37,2025,12
20939,10183,1259.71,2025,8
20940,10183,2805.59,2025,11
20941,10184,1835.76,2025,10
20942,10184,2316.45,2025,12
20943,10185,6301.89,2020,9
20944,10185,781.24,2020,11
20945,10186,1089.74,2025,1
20946,10186,135.4,2025,2
20947,10186,141.6,2025,3
20948,10186,1188.22,2025,4
20949,10186,130.96,2025,5
20950,10186,167.51,2025,6
20951,10186,144.01,2025,7
20952,10186,840.97,2025,8
20953,10186,2902.44,2025,9
20954,10186,136.62,2025,10
20955,10186,151.05,2025,11
20956,10187,1501.61,2022,1
20957,10187,1779.63,2022,2
20958,10187,2833.14,2022,7
20959,10187,681.44,2023,2
20960,10188,2632.04,2024,9
20961,10188,3375.33,2024,12
20962,10188,5140.84,2025,3
20963,10188,389.55,2025,7
20964,10189,4028.71,2020,7
20965,10190,527.61,2024,2
20966,10190,491.3,2024,3
20967,10190,4130.07,2024,4
20968,10190,3292.75,2024,5
20969,10190,603.91,2024,6
20970,10190,14456.76,2024,7
20971,10190,2455.07,2024,8
20972,10190,527.29,2024,9
20973,10190,577.9,2024,10
20974,10190,578.79,2024,11
20975,10190,13395.85,2024,12
20976,10190,606.72,2025,1
20977,10190,528.53,2025,2
20978,10190,520.59,2025,3
20979,10190,480.66,2025,4
20980,10190,9055.77,2025,5
20981,10190,498,2025,6
20982,10190,474.46,2025,7
20983,10190,2176.56,2025,8
20984,10191,2212.69,2024,11
20985,10191,2648.35,2025,2
20986,10191,5012.97,2025,7
20987,10191,1159.08,2025,11
20988,10192,5736.71,2023,7
20989,10192,642.92,2023,11
20990,10193,252.79,2024,2
20991,10193,570.52,2024,3
20992,10193,331.64,2024,4
20993,10193,616.27,2024,8
20994,10193,1191.79,2025,1
20995,10193,1110.63,2025,7
20996,10194,411.2,2024,7
20997,10194,839.98,2024,8
20998,10194,962.55,2025,1
20999,10194,153.74,2025,5
21000,10195,752.12,2020,8
21001,10195,1080.54,2020,10
21002,10195,1852.21,2020,12
21003,10195,927.85,2021,3
21004,10196,330.32,2020,2
21005,10196,298.78,2020,3
21006,10196,1796.16,2020,4
21007,10196,286.34,2020,5
21008,10196,351.04,2020,6
21009,10196,278.35,2020,7
21010,10196,274.42,2020,8
21011,10196,287.55,2020,9
21012,10196,3094.03,2020,10
21013,10196,360.93,2020,11
21014,10196,329.62,2020,12
21015,10196,6470.87,2021,1
21016,10196,299.94,2021,2
21017,10196,313.45,2021,3
21018,10196,293.27,2021,4
21019,10196,6271.85,2021,6
21020,10196,4141.67,2021,10
21021,10196,2344.49,2022,2
21022,10197,393.62,2019,7
21023,10197,715.54,2019,8
21024,10197,1020.12,2019,11
21025,10198,1281.07,2022,3
21026,10198,2104.81,2022,5
21027,10198,2872.23,2022,9
21028,10198,1963.48,2023,4
21029,10199,669.44,2022,3
21030,10199,625.67,2022,4
21031,10199,55.65,2022,5
21032,10199,45.68,2022,6
21033,10199,45.45,2022,7
21034,10199,517.3,2022,8
21035,10199,58.19,2022,9
21036,10199,59.56,2022,10
21037,10199,1753.25,2022,11
21038,10199,50.83,2022,12
21039,10199,47.52,2023,1
21040,10199,58.82,2023,2
21041,10199,1183.04,2023,3
21042,10199,45.62,2023,4
21043,10199,51.27,2023,5
21044,10199,769.39,2023,9
21045,10199,492.84,2024,1
21046,10200,5055.91,2019,3
21047,10201,427.84,2023,10
21048,10201,33.9,2023,11
21049,10201,38.43,2023,12
21050,10201,41.92,2024,1
21051,10201,40.77,2024,2
21052,10201,740.65,2024,3
21053,10201,36.89,2024,4
21054,10201,1251.56,2024,5
21055,10201,36.83,2024,6
21056,10201,40.95,2024,7
21057,10201,35.85,2024,8
21058,10201,37.32,2024,9
21059,10201,937.74,2024,10
21060,10201,37.7,2024,11
21061,10201,43.08,2024,12
21062,10201,42.65,2025,1
21063,10201,33.72,2025,2
21064,10201,40.43,2025,3
21065,10201,625.09,2025,4
21066,10201,150.43,2025,5
21067,10202,667.78,2024,8
21068,10202,1762.91,2025,1
21069,10202,654.94,2025,3
21070,10202,504.04,2025,4
21071,10203,223.74,2024,12
21072,10203,340.91,2025,1
21073,10203,461.77,2025,4
21074,10204,1781.12,2019,7
21075,10204,1603.43,2019,10
21076,10204,2975.77,2020,2
21077,10204,1569.66,2020,9
21078,10205,555.46,2018,6
21079,10205,4694,2018,7
21080,10205,517.61,2018,8
21081,10205,473.64,2018,9
21082,10205,577.26,2018,10
21083,10205,14002.65,2018,11
21084,10205,5645.22,2018,12
21085,10205,457.93,2019,1
21086,10205,541.93,2019,2
21087,10205,587.49,2019,3
21088,10205,12131.01,2019,4
21089,10205,603.89,2019,5
21090,10205,6551.48,2019,8
21091,10205,3305.91,2019,11
21092,10206,1303.81,2023,12
21093,10206,624.03,2024,2
21094,10207,7208.53,2023,2
21095,10208,918.81,2022,3
21096,10208,889.25,2022,5
21097,10208,1236.63,2022,7
21098,10208,653.67,2022,12
21099,10209,4108.24,2018,2
21100,10210,2524.73,2022,11
21101,10211,5870.9,2022,1
21102,10212,3354.32,2024,12
21103,10213,545.22,2021,7
21104,10213,2426.49,2021,8
21105,10213,588.22,2021,9
21106,10213,2400.09,2021,10
21107,10213,534.27,2021,11
21108,10213,3187.41,2022,6
21109,10213,3146.14,2022,10
21110,10213,2067.22,2023,3
21111,10213,628.94,2023,7
21112,10214,4759.22,2021,5
21113,10215,1317.09,2022,12
21114,10215,829.08,2023,2
21115,10216,2242.45,2019,8
21116,10216,2864.03,2019,11
21117,10216,4755.61,2020,4
21118,10216,1464.34,2020,8
21119,10217,2304.41,2024,5
21120,10218,1611.04,2023,6
21121,10219,5686.98,2023,6
21122,10219,385.71,2023,11
21123,10220,625.33,2024,12
21124,10220,662.7,2025,1
21125,10220,1072.41,2025,4
21126,10220,564.16,2025,8
21127,10221,3266.83,2022,11
21128,10222,2735.27,2024,5
21129,10222,5342.08,2024,10
21130,10222,3126.23,2024,12
21131,10222,1238.24,2025,5
21132,10223,987.06,2023,11
21133,10223,1055.19,2024,1
21134,10223,1488.81,2024,6
21135,10223,583.95,2025,1
21136,10224,2037.43,2022,8
21137,10224,377.01,2022,9
21138,10224,457.82,2022,10
21139,10224,5955.49,2022,11
21140,10224,396.47,2022,12
21141,10224,486.8,2023,1
21142,10224,433.74,2023,2
21143,10224,396.04,2023,3
21144,10224,433.57,2023,4
21145,10224,488.85,2023,5
21146,10224,7186,2023,7
21147,10224,7501.48,2023,11
21148,10224,3562.52,2024,2
21149,10224,2207.16,2024,7
21150,10225,1604.21,2022,6
21151,10225,190.95,2022,7
21152,10225,156.06,2022,8
21153,10225,146.4,2022,9
21154,10225,179.08,2022,10
21155,10225,148.35,2022,11
21156,10225,168.42,2022,12
21157,10225,3704.88,2023,1
21158,10225,1443.71,2023,2
21159,10225,148.1,2023,3
21160,10225,152.1,2023,4
21161,10225,3286.87,2023,5
21162,10225,180.8,2023,6
21163,10225,163.94,2023,7
21164,10225,176.29,2023,8
21165,10225,2271.28,2023,10
21166,10225,855.18,2024,3
21167,10226,150.05,2018,3
21168,10226,936.95,2018,4
21169,10226,1645.95,2018,5
21170,10226,130.88,2018,6
21171,10226,153.57,2018,7
21172,10226,135.77,2018,8
21173,10226,4196.76,2018,9
21174,10226,135.36,2018,10
21175,10226,124.28,2018,11
21176,10226,2837.98,2018,12
21177,10226,157.16,2019,1
21178,10226,134.17,2019,2
21179,10226,154.73,2019,3
21180,10226,119.77,2019,4
21181,10226,1351.29,2019,6
21182,10226,1731.81,2019,8
21183,10227,1190.8,2024,1
21184,10227,2172.48,2024,4
21185,10227,2327,2024,8
21186,10227,916.86,2024,12
21187,10228,4586.53,2022,2
21188,10228,2181.09,2022,4
21189,10229,211.39,2024,2
21190,10229,322.27,2024,5
21191,10229,468.1,2024,10
21192,10229,211.7,2025,1
21193,10230,2497.56,2023,5
21194,10231,2092.08,2025,3
21195,10231,3358.04,2025,5
21196,10231,4737.99,2025,10
21197,10231,204.69,2025,11
21198,10232,1642.51,2024,1
21199,10232,2991.18,2024,4
21200,10232,3959.71,2024,8
21201,10232,537.38,2024,11
21202,10233,3284.86,2021,12
21203,10233,4682.44,2022,1
21204,10233,5576.54,2022,3
21205,10233,142.55,2022,7
21206,10234,350.27,2021,7
21207,10234,3607.34,2021,8
21208,10234,395.85,2021,9
21209,10234,358.03,2021,10
21210,10234,341.48,2021,11
21211,10234,2727.53,2021,12
21212,10234,360.86,2022,1
21213,10234,1609.55,2022,2
21214,10234,9688.23,2022,3
21215,10234,391.34,2022,4
21216,10234,329.51,2022,5
21217,10234,7543.03,2022,6
21218,10234,335.7,2022,7
21219,10234,301.53,2022,8
21220,10234,359.88,2022,9
21221,10234,360.78,2022,10
21222,10234,342.33,2022,11
21223,10234,6037.06,2023,1
21224,10234,2956.89,2023,4
21225,10235,1941.62,2020,2
21226,10235,3045.85,2020,3
21227,10235,4311.78,2020,8
21228,10235,493.41,2020,10
21229,10236,2053.12,2019,3
21230,10237,29449.43,2023,12
21231,10237,1518.33,2024,6
21232,10238,1649.12,2023,12
21233,10238,1791.79,2024,2
21234,10238,2353.5,2024,4
21235,10238,1196.6,2024,6
21236,10239,1590.2,2020,7
21237,10239,174.64,2020,8
21238,10239,155.65,2020,9
21239,10239,155.38,2020,10
21240,10239,2077.34,2020,11
21241,10239,3637.3,2020,12
21242,10239,159.11,2021,1
21243,10239,1298.21,2021,2
21244,10239,162.43,2021,3
21245,10239,193.4,2021,4
21246,10239,3509.83,2021,5
21247,10239,152.4,2021,6
21248,10239,153.5,2021,7
21249,10239,2524.06,2021,8
21250,10239,476.61,2022,1
21251,10240,1137.68,2024,10
21252,10240,1220.57,2024,11
21253,10240,1790.68,2025,2
21254,10240,357.72,2025,4
21255,10241,2017.17,2025,2
21256,10241,2485.61,2025,4
21257,10241,2796.13,2025,6
21258,10241,739.89,2025,9
21259,10242,795.52,2023,2
21260,10242,114.22,2023,3
21261,10242,112.14,2023,4
21262,10242,991.62,2023,5
21263,10242,110.81,2023,6
21264,10242,105.66,2023,7
21265,10242,105.11,2023,8
21266,10242,712.27,2023,9
21267,10242,1958.3,2023,10
21268,10242,107.75,2023,11
21269,10242,122.56,2023,12
21270,10242,105.75,2024,1
21271,10242,110.6,2024,2
21272,10242,110,2024,3
21273,10242,122.39,2024,4
21274,10242,1535.74,2024,5
21275,10242,965.63,2024,9
21276,10242,310.62,2024,10
21277,10243,88.58,2022,1
21278,10243,91.71,2022,2
21279,10243,816.97,2022,3
21280,10243,1707.61,2022,4
21281,10243,90.73,2022,5
21282,10243,106.17,2022,6
21283,10243,109.24,2022,7
21284,10243,2360.12,2022,8
21285,10243,104.69,2022,9
21286,10243,93.45,2022,10
21287,10243,99.17,2022,11
21288,10243,111.47,2022,12
21289,10243,1916.73,2023,1
21290,10243,87.52,2023,2
21291,10243,103.86,2023,3
21292,10243,93.41,2023,4
21293,10243,109.57,2023,5
21294,10243,93.27,2023,6
21295,10243,1010.36,2023,8
21296,10243,721.53,2023,12
21297,10244,4298.12,2025,4
21298,10244,6960.31,2025,6
21299,10244,7675.41,2025,9
21300,10245,1090.58,2020,9
21301,10245,640.91,2020,12
21302,10246,3181.32,2024,11
21303,10247,49.02,2021,9
21304,10247,623.55,2021,10
21305,10247,51.25,2021,11
21306,10247,582.24,2021,12
21307,10247,52.03,2022,1
21308,10247,1837.94,2022,2
21309,10247,49.25,2022,3
21310,10247,502.24,2022,4
21311,10247,52.21,2022,5
21312,10247,53.39,2022,6
21313,10247,49.56,2022,7
21314,10247,1336.4,2022,8
21315,10247,57.75,2022,9
21316,10247,50.47,2022,10
21317,10247,910.9,2022,11
21318,10247,183.12,2022,12
21319,10248,4286.69,2022,9
21320,10249,86.31,2019,12
21321,10249,433.64,2020,1
21322,10249,104.87,2020,2
21323,10249,108.85,2020,3
21324,10249,95.92,2020,4
21325,10249,88.15,2020,5
21326,10249,89.7,2020,6
21327,10249,89.36,2020,7
21328,10249,654.01,2020,8
21329,10249,1200.07,2020,9
21330,10249,1169.93,2021,4
21331,10249,785.94,2021,10
21332,10249,308,2022,5
21333,10250,1381.1,2019,4
21334,10250,2374.87,2019,5
21335,10250,3287.35,2019,7
21336,10250,1030.09,2019,11
21337,10251,1661.21,2024,2
21338,10251,2806.79,2024,4
21339,10251,3334.43,2024,8
21340,10251,1727.99,2024,12
21341,10252,791.68,2023,2
21342,10252,3003.57,2023,8
21343,10252,941.46,2023,11
21344,10252,901.68,2024,3
21345,10253,4712.29,2023,12
21346,10254,12190.12,2024,5
21347,10255,1112.06,2025,10
21348,10256,640.62,2025,9
21349,10256,710.81,2025,11
21350,10257,294.6,2018,6
21351,10257,750.84,2018,12
21352,10257,345.74,2019,4
21353,10257,108.81,2019,7
21354,10258,1151.79,2023,10
21355,10258,1504.86,2023,11
21356,10258,3084.47,2024,4
21357,10258,1016.05,2024,6
21358,10259,1405.6,2023,2
21359,10259,1898.79,2023,3
21360,10259,2638,2023,6
21361,10259,247.45,2023,12
21362,10260,2835.52,2018,3
21363,10260,399.08,2018,4
21364,10260,365.52,2018,5
21365,10260,390.89,2018,6
21366,10260,483.94,2018,7
21367,10260,3539.9,2018,8
21368,10260,11050.76,2018,9
21369,10260,364.82,2018,10
21370,10260,478.09,2018,11
21371,10260,406.14,2018,12
21372,10260,436.86,2019,1
21373,10260,7604.1,2019,2
21374,10260,4164.24,2019,5
21375,10260,2144.25,2019,8
21376,10261,1597.48,2019,7
21377,10261,2191.41,2019,9
21378,10261,2978.62,2020,2
21379,10261,319.73,2020,4
21380,10262,2295.35,2021,12
21381,10262,3673.17,2022,2
21382,10262,6537.22,2022,6
21383,10262,1130.44,2022,9
21384,10263,601.71,2020,11
21385,10263,1741.56,2021,3
21386,10263,641.24,2021,8
21387,10263,571.88,2022,5
21388,10264,4784.83,2023,8
21389,10264,581.6,2024,1
21390,10265,1347.57,2022,7
21391,10265,1942.09,2022,8
21392,10265,2098.77,2023,1
21393,10265,647.98,2023,5
21394,10266,294.04,2022,2
21395,10266,357.15,2022,3
21396,10266,641.16,2022,7
21397,10266,296.06,2022,9
21398,10267,765.12,2022,1
21399,10267,3724.67,2022,8
21400,10267,1233.87,2022,10
21401,10267,1573.53,2023,7
21402,10268,4864.74,2024,6
21403,10268,1377.8,2024,10
21404,10268,2127.4,2025,3
21405,10269,1497.81,2022,6
21406,10269,7884.5,2022,7
21407,10269,1765.54,2022,8
21408,10269,1622.78,2022,9
21409,10269,11702.91,2023,1
21410,10269,9195.53,2023,4
21411,10269,5246.1,2023,10
21412,10269,1652.35,2024,1
21413,10270,1535.25,2021,8
21414,10270,193.11,2021,9
21415,10270,200.08,2021,10
21416,10270,2748.7,2021,11
21417,10270,243.76,2021,12
21418,10270,240.22,2022,1
21419,10270,217.05,2022,2
21420,10270,222.79,2022,3
21421,10270,243.68,2022,4
21422,10270,7540.42,2022,5
21423,10270,199.66,2022,6
21424,10270,225.49,2022,7
21425,10270,227.98,2022,8
21426,10270,198.85,2022,9
21427,10270,219.22,2022,10
21428,10270,7346.02,2022,11
21429,10270,230.22,2022,12
21430,10270,196.62,2023,1
21431,10270,5217.68,2023,3
21432,10270,1685.87,2023,8
21433,10271,3042.62,2020,5
21434,10272,611.93,2023,10
21435,10272,1333.55,2024,1
21436,10272,777.23,2024,8
21437,10272,469.44,2024,10
21438,10273,1624.86,2024,1
21439,10273,250.34,2024,2
21440,10273,220.42,2024,3
21441,10273,2241.93,2024,4
21442,10273,204.17,2024,5
21443,10273,192.43,2024,6
21444,10273,225.41,2024,7
21445,10273,3161.18,2024,12
21446,10273,2232.31,2025,7
21447,10273,1664.01,2025,10
21448,10274,737.5,2020,4
21449,10274,660.1,2020,6
21450,10274,1438.67,2020,8
21451,10274,440.85,2021,2
21452,10275,2722.23,2024,5
21453,10275,825.67,2024,7
21454,10275,1132.99,2024,11
21455,10276,2766.17,2023,10
21456,10276,856.56,2024,1
21457,10277,654.11,2020,9
21458,10277,1017.83,2020,12
21459,10277,1323.82,2021,3
21460,10278,6715.31,2018,8
21461,10279,1299.12,2020,8
21462,10279,5601.35,2020,9
21463,10279,1398.4,2020,10
21464,10279,1266.5,2020,11
21465,10279,4778.68,2020,12
21466,10279,4475.6,2021,1
21467,10279,1176.32,2021,2
21468,10279,10682.32,2021,5
21469,10279,10389.96,2021,10
21470,10279,7417.94,2022,4
21471,10279,6087.65,2022,6
21472,10280,43.77,2023,4
21473,10280,465.76,2023,5
21474,10280,40.64,2023,6
21475,10280,41.07,2023,7
21476,10280,41.46,2023,8
21477,10280,44.15,2023,9
21478,10280,39.79,2023,10
21479,10280,1165.52,2023,11
21480,10280,468.47,2023,12
21481,10280,47.81,2024,1
21482,10280,1246.9,2024,2
21483,10280,46.72,2024,3
21484,10280,46.64,2024,4
21485,10280,42.59,2024,5
21486,10280,38.49,2024,6
21487,10280,46.25,2024,7
21488,10280,816.43,2024,8
21489,10280,132.06,2024,10
21490,10281,366.4,2022,3
21491,10281,2946.07,2022,4
21492,10281,339.03,2022,5
21493,10281,366.09,2022,6
21494,10281,5558.07,2022,7
21495,10281,372.64,2022,8
21496,10281,7426.06,2022,9
21497,10281,356.46,2022,10
21498,10281,323.46,2022,11
21499,10281,394.26,2022,12
21500,10281,5903.56,2023,4
21501,10281,3035.54,2023,8
21502,10281,1091.66,2023,12
21503,10282,1275.4,2023,8
21504,10282,2356.02,2023,11
21505,10282,1328.26,2024,2
21506,10282,637.16,2024,4
21507,10283,5731.86,2022,7
21508,10284,903.13,2020,4
21509,10284,1154.86,2020,7
21510,10284,1396.2,2020,10
21511,10284,769.43,2021,2
21512,10285,41363.98,2018,6
21513,10286,687.18,2022,12
21514,10286,881.62,2023,2
21515,10286,1823.64,2023,6
21516,10286,796.69,2023,12
21517,10287,11022.75,2022,9
21518,10288,5262.49,2024,11
21519,10289,2622.43,2021,2
21520,10289,771.74,2021,3
21521,10289,683.46,2021,4
21522,10289,780.84,2021,5
21523,10289,5718.17,2021,6
21524,10289,3455.18,2021,8
21525,10289,4432.52,2021,12
21526,10289,2694.42,2022,5
21527,10289,1726,2022,12
21528,10290,55.04,2024,9
21529,10290,54.04,2024,10
21530,10290,476.72,2024,11
21531,10290,54.35,2024,12
21532,10290,54.82,2025,1
21533,10290,1518.22,2025,2
21534,10290,444.3,2025,3
21535,10290,265.05,2025,4
21536,10290,66.24,2025,5
21537,10290,66.59,2025,6
21538,10290,55.13,2025,7
21539,10290,1206.26,2025,9
21540,10291,683.55,2020,6
21541,10291,813.19,2020,7
21542,10291,1099.75,2020,12
21543,10291,159.67,2021,1
21544,10292,1247.1,2025,3
21545,10293,464.44,2019,4
21546,10293,291.84,2019,5
21547,10293,273.4,2019,6
21548,10293,292.35,2019,7
21549,10293,1311.81,2019,8
21550,10293,1045.68,2020,1
21551,10293,1023.24,2020,7
21552,10293,674.42,2020,11
21553,10293,520.36,2021,4
21554,10294,6021.19,2021,11
21555,10295,3667.6,2018,2
21556,10296,94.43,2018,1
21557,10296,93.29,2018,2
21558,10296,1215.79,2018,3
21559,10296,119.2,2018,4
21560,10296,109.11,2018,5
21561,10296,701.11,2018,6
21562,10296,113.4,2018,7
21563,10296,2006.39,2018,8
21564,10296,96.8,2018,9
21565,10296,472.96,2018,10
21566,10296,2229.42,2018,11
21567,10296,120.53,2018,12
21568,10296,110.51,2019,1
21569,10296,113.97,2019,2
21570,10296,122.01,2019,3
21571,10296,98.88,2019,4
21572,10296,119.61,2019,5
21573,10296,1296.3,2019,6
21574,10296,773.98,2019,11
21575,10297,1140.07,2024,4
21576,10298,9771,2024,9
21577,10299,964.34,2018,2
21578,10299,102.93,2018,3
21579,10299,93.97,2018,4
21580,10299,90.46,2018,5
21581,10299,105.86,2018,6
21582,10299,1718.75,2018,7
21583,10299,109.97,2018,8
21584,10299,1476.54,2018,9
21585,10299,89.1,2018,10
21586,10299,84.39,2018,11
21587,10299,99.55,2018,12
21588,10299,100.28,2019,1
21589,10299,1255.62,2019,2
21590,10299,1160.28,2019,5
21591,10299,811.74,2019,11
21592,10300,7898.33,2023,9
21593,10301,11713.94,2024,11
21594,10302,422.22,2021,2
21595,10302,1055.13,2021,6
21596,10302,507.01,2021,9
21597,10302,820.86,2022,1
21598,10303,519.82,2025,6
21599,10304,1244.14,2024,1
21600,10304,2296.6,2024,3
21601,10304,3588.49,2024,7
21602,10304,49.82,2024,9
21603,10305,567.9,2021,9
21604,10305,853.99,2021,12
21605,10305,1116.56,2022,2
21606,10305,706.53,2022,7
21607,10306,6248.32,2025,5
21608,10307,859.23,2025,3
21609,10307,64.99,2025,4
21610,10307,69.46,2025,5
21611,10307,1683.9,2025,6
21612,10307,81.23,2025,7
21613,10307,67.78,2025,8
21614,10307,81.65,2025,9
21615,10307,1956.4,2025,10
21616,10307,69.41,2025,11
21617,10307,76,2025,12
21618,10308,6356.26,2023,12
21619,10309,27513.24,2023,7
21620,10309,4213.21,2023,8
21621,10309,3803.54,2023,9
21622,10309,3997.91,2023,10
21623,10309,3265.69,2023,11
21624,10309,3878.61,2023,12
21625,10309,3940.85,2024,1
21626,10309,72911.62,2024,2
21627,10309,32612.44,2024,3
21628,10309,3482.89,2024,4
21629,10309,70644.04,2024,5
21630,10309,4175.8,2024,6
21631,10309,3877.98,2024,7
21632,10309,3221.91,2024,8
21633,10309,3483.5,2024,9
21634,10309,55472.38,2024,10
21635,10309,15077.22,2024,11
21636,10310,960.63,2025,1
21637,10310,1546.42,2025,4
21638,10310,1977.12,2025,6
21639,10310,1413.38,2025,8
21640,10311,402.14,2022,3
21641,10311,1631.54,2022,4
21642,10311,458.43,2022,5
21643,10311,3975.6,2022,10
21644,10311,1928.95,2023,2
21645,10311,1672.19,2023,7
21646,10311,426.15,2023,11
21647,10312,1353.47,2021,2
21648,10312,474.8,2021,4
21649,10313,3663.95,2020,8
21650,10314,681.2,2023,12
21651,10314,1068.92,2024,3
21652,10314,1369.46,2024,7
21653,10314,1171.02,2025,1
21654,10315,2655.93,2024,2
21655,10315,132.45,2024,3
21656,10315,121.92,2024,4
21657,10315,162.15,2024,5
21658,10315,122.24,2024,6
21659,10315,2680.23,2024,7
21660,10315,139.87,2024,8
21661,10315,123.42,2024,9
21662,10315,1736.71,2024,10
21663,10315,5661.09,2024,11
21664,10315,155.45,2024,12
21665,10315,146.71,2025,1
21666,10315,142.54,2025,2
21667,10315,164.7,2025,3
21668,10315,150.96,2025,4
21669,10315,150.3,2025,5
21670,10315,4110.9,2025,6
21671,10315,2807.94,2025,10
21672,10315,884.81,2025,12
21673,10316,3208.93,2022,11
21674,10317,2120.33,2023,10
21675,10317,2856.59,2023,12
21676,10317,5725.81,2024,5
21677,10317,1807.5,2024,10
21678,10318,358.06,2022,4
21679,10318,1252.51,2022,9
21680,10318,613.64,2022,10
21681,10318,198.48,2023,3
21682,10319,11872.55,2020,12
21683,10320,5808.01,2023,7
21684,10321,644.22,2022,7
21685,10321,3552.83,2022,8
21686,10321,7966.73,2022,9
21687,10321,628.33,2022,10
21688,10321,663.59,2022,11
21689,10321,623.62,2022,12
21690,10321,586.65,2023,1
21691,10321,12754.24,2023,2
21692,10321,550.83,2023,3
21693,10321,677.61,2023,4
21694,10321,658.87,2023,5
21695,10321,12307.88,2023,9
21696,10321,7623.56,2024,4
21697,10321,2515.77,2024,8
21698,10322,1809.67,2024,4
21699,10322,2806.27,2024,7
21700,10322,3224.26,2024,12
21701,10322,302.92,2025,1
21702,10323,8314.8,2024,8
21703,10324,4564.37,2018,6
21704,10325,2998.54,2024,1
21705,10325,1503.14,2024,3
21706,10326,1313.84,2018,5
21707,10326,1582.85,2018,7
21708,10326,2912.92,2018,9
21709,10326,1028.51,2019,1
21710,10327,1658.34,2024,1
21711,10327,3248.89,2024,5
21712,10327,5625.69,2024,6
21713,10327,2260.75,2024,9
21714,10328,2185.98,2024,4
21715,10328,636.46,2024,6
21716,10329,1707.74,2023,10
21717,10329,5515.4,2024,3
21718,10329,1915.4,2024,5
21719,10329,2177.47,2024,6
21720,10330,5664.64,2019,7
21721,10331,2836.79,2023,6
21722,10331,399.23,2023,7
21723,10331,469.56,2023,8
21724,10331,488.42,2023,9
21725,10331,415.45,2023,10
21726,10331,373.32,2023,11
21727,10331,379.34,2023,12
21728,10331,1042.97,2024,1
21729,10331,6379.92,2024,4
21730,10331,4043.21,2024,9
21731,10331,2152.8,2024,12
21732,10331,1169.31,2025,4
21733,10332,6515.02,2024,7
21734,10333,764.17,2022,7
21735,10333,685.13,2022,8
21736,10333,1486.16,2022,10
21737,10333,312.79,2023,3
21738,10334,275.54,2021,3
21739,10334,1297.04,2021,4
21740,10334,216.79,2021,5
21741,10334,2684.48,2021,6
21742,10334,270.07,2021,7
21743,10334,239.59,2021,8
21744,10334,237.32,2021,9
21745,10334,3753.29,2021,10
21746,10334,247.98,2021,11
21747,10334,267.55,2021,12
21748,10334,2744.54,2022,4
21749,10334,2454.14,2022,11
21750,10334,1266.9,2023,5
21751,10335,2863.31,2021,3
21752,10336,1981.44,2022,12
21753,10337,1618.91,2018,10
21754,10337,2018,2018,12
21755,10337,2599.02,2019,4
21756,10337,1219.47,2019,9
21757,10338,790.37,2024,4
21758,10338,885.35,2024,8
21759,10338,2888.47,2024,9
21760,10338,714.82,2025,1
21761,10339,1145.64,2023,2
21762,10339,1476.99,2023,6
21763,10339,3744.1,2023,8
21764,10339,2734.5,2023,10
21765,10340,2320.22,2020,2
21766,10340,2647.42,2020,5
21767,10340,3109.1,2020,9
21768,10340,1541.09,2021,4
21769,10341,2217.9,2025,4
21770,10342,3062.79,2021,6
21771,10343,1242.64,2020,12
21772,10344,707.41,2020,10
21773,10344,978.46,2020,12
21774,10344,1522.14,2021,4
21775,10344,1456.36,2021,7
21776,10345,5329.48,2021,10
21777,10346,1948.25,2024,10
21778,10346,5207.23,2025,2
21779,10346,2506.13,2025,3
21780,10346,2788.7,2025,4
21781,10347,1756.55,2019,1
21782,10348,1898.49,2023,6
21783,10348,3333.94,2023,9
21784,10348,4451.58,2023,11
21785,10348,1671,2024,4
21786,10349,2253.64,2022,11
21787,10349,712.5,2023,2
21788,10350,5480.23,2019,7
21789,10351,1360.12,2018,11
21790,10351,1955.86,2019,2
21791,10351,2518.42,2019,6
21792,10352,2853.61,2024,1
21793,10352,12298.44,2024,5
21794,10352,4093.04,2024,6
21795,10352,3883.21,2024,7
21796,10353,466.87,2022,3
21797,10353,762.63,2022,5
21798,10353,1085.42,2022,7
21799,10353,203.24,2023,2
21800,10354,574.37,2019,1
21801,10354,2106.6,2019,2
21802,10354,509.92,2019,3
21803,10354,2070.01,2019,4
21804,10354,2862.64,2019,11
21805,10354,2215.57,2020,2
21806,10354,1470.5,2020,7
21807,10354,2296.98,2021,1
21808,10355,2384.69,2020,2
21809,10356,4488.15,2020,9
21810,10357,1100.68,2024,2
21811,10357,1853.11,2024,4
21812,10357,2785.01,2024,9
21813,10358,780.18,2024,8
21814,10358,1352.67,2024,11
21815,10358,1317.39,2025,4
21816,10358,680.59,2025,6
21817,10359,5889.67,2024,10
21818,10359,1829.36,2025,7
21819,10360,3511.9,2024,12
21820,10361,7413.73,2024,1
21821,10362,4372.55,2019,6
21822,10363,2087.99,2025,2
21823,10363,224.52,2025,3
21824,10363,247.96,2025,4
21825,10363,267.72,2025,5
21826,10363,205.59,2025,6
21827,10363,1868.23,2025,7
21828,10363,258.8,2025,8
21829,10363,3595.58,2025,9
21830,10363,1151.45,2025,10
21831,10364,5062.72,2023,12
21832,10365,3567.44,2022,12
21833,10366,608.09,2018,6
21834,10366,822.18,2018,7
21835,10366,1451.54,2018,11
21836,10366,1083.85,2019,4
21837,10367,1246.86,2023,5
21838,10367,3132.71,2023,11
21839,10367,1875.27,2024,1
21840,10367,1130.2,2024,2
21841,10368,43755.46,2024,9
21842,10369,1340.97,2022,4
21843,10369,2000.07,2022,5
21844,10369,206.95,2022,6
21845,10369,225.34,2022,7
21846,10369,210.79,2022,8
21847,10369,237.93,2022,9
21848,10369,3102.2,2023,1
21849,10369,2767.82,2023,5
21850,10369,1933.35,2023,11
21851,10369,682.61,2024,3
21852,10370,686.04,2020,5
21853,10370,730.46,2020,7
21854,10370,1071.19,2020,9
21855,10370,995.34,2021,2
21856,10371,5958.49,2022,3
21857,10371,41241.28,2022,8
21858,10371,8837.35,2022,9
21859,10372,458.81,2024,10
21860,10372,984.08,2024,12
21861,10372,1229.79,2025,2
21862,10372,174.37,2025,5
21863,10373,315.7,2024,8
21864,10373,3035.95,2024,9
21865,10373,1661.56,2024,10
21866,10373,315.12,2024,11
21867,10373,310.01,2024,12
21868,10373,1353.38,2025,1
21869,10373,356.27,2025,2
21870,10373,404.21,2025,3
21871,10373,332.03,2025,4
21872,10373,4856.42,2025,5
21873,10373,5359.52,2025,11
21874,10374,989.01,2021,6
21875,10374,4606.84,2021,10
21876,10374,1495.8,2022,1
21877,10374,1335.63,2022,3
21878,10375,2905.34,2025,1
21879,10375,724.26,2025,4
21880,10375,564.14,2025,8
21881,10376,2039.16,2018,9
21882,10376,641.09,2018,12
21883,10377,730.59,2024,1
21884,10377,918.79,2024,3
21885,10377,1591.78,2024,8
21886,10377,251.58,2024,10
21887,10378,3447.46,2021,9
21888,10378,7190.98,2021,11
21889,10378,7423.41,2022,2
21890,10378,3176.7,2022,8
21891,10379,742.48,2024,6
21892,10379,1212.25,2024,9
21893,10379,1358.23,2024,11
21894,10379,617.35,2025,3
21895,10380,830.54,2019,6
21896,10380,946.54,2019,7
21897,10380,1989.06,2019,10
21898,10380,491.6,2020,1
21899,10381,43.25,2020,11
21900,10381,533.94,2020,12
21901,10381,44.4,2021,1
21902,10381,38.91,2021,2
21903,10381,36.84,2021,3
21904,10381,406.82,2021,4
21905,10381,36.56,2021,5
21906,10381,332.16,2021,6
21907,10381,41.69,2021,7
21908,10381,36.7,2021,8
21909,10381,43.1,2021,9
21910,10381,720.34,2021,10
21911,10381,43.14,2021,11
21912,10381,37.52,2021,12
21913,10381,42.16,2022,1
21914,10381,44.83,2022,2
21915,10381,814.53,2022,3
21916,10381,44.28,2022,4
21917,10381,406.53,2022,9
21918,10381,369.85,2022,12
21919,10382,2287.69,2020,6
21920,10382,2453.5,2020,8
21921,10382,5035.97,2020,12
21922,10382,1155.19,2021,5
21923,10383,1147.66,2021,5
21924,10383,2734.72,2021,8
21925,10383,1340.25,2022,1
21926,10383,537.4,2022,6
21927,10384,4197.87,2022,9
21928,10384,433.85,2022,10
21929,10384,332.56,2022,11
21930,10384,354.46,2022,12
21931,10384,362.7,2023,1
21932,10384,408.71,2023,2
21933,10384,7768.04,2023,3
21934,10384,3863.75,2023,4
21935,10384,334.28,2023,5
21936,10384,431.16,2023,6
21937,10384,8510.7,2023,7
21938,10384,410.32,2023,8
21939,10384,374.61,2023,9
21940,10384,392.08,2023,10
21941,10384,371.93,2023,11
21942,10384,4066.35,2023,12
21943,10384,1670.01,2024,5
21944,10385,5789.6,2022,8
21945,10385,800.41,2022,12
21946,10386,2733.8,2024,3
21947,10386,4968.02,2024,4
21948,10386,5197.6,2024,9
21949,10386,1752.08,2024,11
21950,10387,2744.59,2024,10
21951,10388,368.54,2018,11
21952,10388,595.15,2019,1
21953,10388,590.95,2019,6
21954,10388,319.9,2019,11
21955,10389,570.34,2020,3
21956,10389,838.36,2020,4
21957,10389,1283.21,2020,7
21958,10389,591.97,2020,8
21959,10390,777.33,2025,1
21960,10390,1101.65,2025,4
21961,10390,1676.83,2025,9
21962,10390,718.32,2025,10
21963,10391,1284.49,2022,8
21964,10391,2193.53,2022,9
21965,10391,2570.82,2023,1
21966,10391,1568.43,2023,7
21967,10392,321.28,2025,6
21968,10392,480.65,2025,7
21969,10392,623.97,2025,11
21970,10393,7131.79,2020,10
21971,10394,2156.85,2021,7
21972,10395,2176.79,2020,1
21973,10395,192.02,2020,2
21974,10395,222.16,2020,3
21975,10395,3274.33,2020,4
21976,10395,219.91,2020,5
21977,10395,252.1,2020,6
21978,10395,4179.3,2020,7
21979,10395,243,2020,8
21980,10395,193.46,2020,9
21981,10395,249.67,2020,10
21982,10395,206.88,2020,11
21983,10395,250.95,2020,12
21984,10395,3563.47,2021,1
21985,10395,190.8,2021,2
21986,10395,2008.46,2021,7
21987,10395,540.91,2021,11
21988,10396,423.89,2025,12
21989,10397,2702.95,2024,10
21990,10397,840.05,2025,6
21991,10398,6045.18,2020,4
21992,10399,1024.48,2020,6
21993,10399,126.7,2020,7
21994,10399,111.63,2020,8
21995,10399,114.71,2020,9
21996,10399,117.07,2020,10
21997,10399,122.9,2020,11
21998,10399,115.55,2020,12
21999,10399,3019.14,2021,1
22000,10399,123.99,2021,2
22001,10399,109.59,2021,3
22002,10399,108.87,2021,4
22003,10399,107.75,2021,5
22004,10399,107.15,2021,6
22005,10399,2143.64,2021,7
22006,10399,130.22,2021,8
22007,10399,136.07,2021,9
22008,10399,1214.83,2021,10
22009,10399,1218.43,2022,5
22010,10400,9921.15,2023,10
22011,10401,1216.56,2023,1
22012,10401,1643.03,2023,2
22013,10401,3225.48,2023,4
22014,10401,1945.53,2023,11
22015,10402,646.65,2022,10
22016,10402,1594.63,2022,11
22017,10402,600.6,2022,12
22018,10402,2361.65,2023,4
22019,10402,4376.07,2023,6
22020,10402,3037.93,2023,12
22021,10402,2181.4,2024,4
22022,10402,915.21,2024,8
22023,10403,200.93,2022,12
22024,10403,79,2023,1
22025,10403,93.78,2023,2
22026,10403,71.2,2023,3
22027,10403,150.59,2023,6
22028,10403,504.4,2023,9
22029,10403,91.6,2023,10
22030,10403,426.57,2024,3
22031,10403,250.4,2024,9
22032,10404,623.41,2018,5
22033,10404,4498.91,2018,6
22034,10404,642.39,2018,7
22035,10404,627.09,2018,8
22036,10404,3729.74,2019,2
22037,10404,3582.39,2019,8
22038,10404,2480.44,2020,1
22039,10404,1534.47,2020,5
22040,10405,8724.28,2024,1
22041,10406,4552.66,2023,7
22042,10406,1436.27,2023,8
22043,10407,4251.8,2023,12
22044,10407,1679.61,2024,4
22045,10408,2030.24,2025,11
22046,10409,2282.4,2019,9
22047,10410,6991,2023,5
22048,10411,1508.52,2023,2
22049,10411,1852.21,2023,3
22050,10411,2685.27,2023,8
22051,10411,128.14,2024,3
22052,10412,7151.96,2024,12
22053,10412,9035.66,2025,2
22054,10412,9504.41,2025,7
22055,10412,2135.65,2025,11
22056,10413,233.94,2023,3
22057,10413,239.24,2023,4
22058,10413,895.23,2023,5
22059,10413,222.89,2023,6
22060,10413,230.39,2023,7
22061,10413,226.85,2023,8
22062,10413,2813.97,2023,9
22063,10413,2047.94,2023,11
22064,10413,1960.76,2024,1
22065,10413,1760.83,2024,5
22066,10413,544.77,2024,7
22067,10414,1345.01,2024,9
22068,10415,1913.9,2023,9
22069,10415,247.34,2023,10
22070,10415,253.45,2023,11
22071,10415,319.49,2023,12
22072,10415,271.23,2024,1
22073,10415,7184.37,2024,2
22074,10415,251.2,2024,3
22075,10415,275.73,2024,4
22076,10415,315.8,2024,5
22077,10415,246.29,2024,6
22078,10415,4771.32,2024,7
22079,10415,291.39,2024,8
22080,10415,259.08,2024,9
22081,10415,270.92,2024,10
22082,10415,324.97,2024,11
22083,10415,312.22,2024,12
22084,10415,3039.53,2025,2
22085,10415,1892.89,2025,7
22086,10416,687.62,2021,4
22087,10416,669.57,2021,5
22088,10416,4021.74,2021,6
22089,10416,686.94,2021,7
22090,10416,597.02,2021,8
22091,10416,713,2021,9
22092,10416,5758.07,2021,10
22093,10416,631.77,2021,11
22094,10416,6540.51,2021,12
22095,10416,4954.9,2022,3
22096,10416,3301.64,2022,8
22097,10416,2860.09,2023,2
22098,10417,1425.38,2020,9
22099,10417,92.25,2021,2
22100,10418,1337.17,2018,12
22101,10418,656.5,2019,1
22102,10418,620.62,2019,2
22103,10418,799.78,2019,3
22104,10418,1656.11,2019,6
22105,10418,988.43,2019,9
22106,10418,4038.91,2019,11
22107,10418,3191.71,2020,3
22108,10418,2021.81,2020,6
22109,10418,1323.57,2021,1
22110,10419,371.12,2023,1
22111,10419,361.88,2023,3
22112,10419,778.36,2023,5
22113,10419,191.61,2023,10
22114,10420,995.26,2023,1
22115,10420,1621.24,2023,3
22116,10420,2481.61,2023,5
22117,10420,282.41,2023,12
22118,10421,1297.32,2021,10
22119,10421,1369.24,2021,11
22120,10421,1630.2,2022,2
22121,10421,1110.01,2022,6
22122,10422,1038.64,2021,4
22123,10422,1095.72,2021,5
22124,10422,923.34,2021,6
22125,10422,175.7,2021,7
22126,10422,165.73,2021,8
22127,10422,181.22,2021,9
22128,10422,155.19,2021,10
22129,10422,194.17,2021,11
22130,10422,172.35,2021,12
22131,10422,190.06,2022,1
22132,10422,2029.55,2022,2
22133,10422,1644.77,2022,7
22134,10422,938.74,2022,10
22135,10422,1380.04,2023,4
22136,10423,636.69,2025,6
22137,10423,2796.44,2025,10
22138,10423,1308.55,2025,12
22139,10424,1172.67,2020,3
22140,10424,1778.77,2020,6
22141,10424,1727.11,2020,8
22142,10424,808.26,2021,2
22143,10425,8342.36,2024,7
22144,10425,2702.05,2025,1
22145,10426,734.91,2022,12
22146,10426,1109.13,2023,1
22147,10426,1477.09,2023,5
22148,10427,3612.76,2025,12
22149,10428,4598.7,2024,1
22150,10429,30.1,2022,12
22151,10429,325.19,2023,1
22152,10429,30.37,2023,2
22153,10429,25.31,2023,3
22154,10429,577.52,2023,4
22155,10429,28.08,2023,5
22156,10429,693.1,2023,6
22157,10429,28.89,2023,7
22158,10429,24.88,2023,8
22159,10429,24.14,2023,9
22160,10429,604.24,2023,10
22161,10429,23.74,2023,11
22162,10429,23.32,2023,12
22163,10429,25.31,2024,1
22164,10429,26.35,2024,2
22165,10429,346.95,2024,5
22166,10429,128.68,2024,8
22167,10430,1399.11,2023,5
22168,10430,2137.92,2023,7
22169,10430,2530.08,2023,9
22170,10430,664.94,2023,11
22171,10431,2382.18,2021,2
22172,10431,2412.49,2021,3
22173,10431,4779.5,2021,8
22174,10431,961.45,2021,9
22175,10432,4988,2018,4
22176,10433,2158.04,2022,12
22177,10434,817.2,2022,3
22178,10434,1328.81,2022,4
22179,10434,1545.53,2022,9
22180,10434,723.85,2022,12
22181,10435,475.9,2022,8
22182,10435,576.51,2022,11
22183,10435,809.13,2023,4
22184,10435,394.25,2023,11
22185,10436,5751.26,2020,1
22186,10436,358.77,2020,8
22187,10437,1097.11,2022,2
22188,10437,1530.05,2022,3
22189,10437,2406.08,2022,6
22190,10437,2045.35,2022,11
22191,10438,4308.73,2025,8
22192,10438,1253.93,2025,12
22193,10439,4081.82,2022,2
22194,10440,3395.93,2020,11
22195,10441,1279.93,2024,12
22196,10441,1838.73,2025,3
22197,10441,1761.14,2025,8
22198,10441,665.95,2025,11
22199,10442,7016.79,2024,1
22200,10443,98.55,2021,3
22201,10443,378.94,2021,4
22202,10443,100.45,2021,5
22203,10443,108.91,2021,6
22204,10443,108.42,2021,7
22205,10443,358.64,2021,8
22206,10443,163.17,2021,9
22207,10443,1010.75,2022,1
22208,10443,742.35,2022,5
22209,10443,579.35,2022,10
22210,10443,312.7,2023,3
22211,10444,4224.17,2025,10
22212,10445,839.38,2022,10
22213,10445,1577.77,2022,11
22214,10445,724.9,2022,12
22215,10445,2484.94,2023,4
22216,10445,2073.28,2023,6
22217,10445,1822.98,2023,10
22218,10445,1755.28,2024,5
22219,10445,385.68,2024,8
22220,10446,118.92,2020,3
22221,10446,2177.27,2020,4
22222,10446,142.64,2020,5
22223,10446,132.99,2020,6
22224,10446,147.5,2020,7
22225,10446,133.68,2020,8
22226,10446,142.92,2020,9
22227,10446,121.5,2020,10
22228,10446,116.88,2020,11
22229,10446,3081.65,2020,12
22230,10446,121.15,2021,1
22231,10446,128.57,2021,2
22232,10446,2393.76,2021,6
22233,10446,1815.3,2021,10
22234,10446,1202.72,2022,2
22235,10447,548.93,2022,1
22236,10447,82.43,2022,2
22237,10447,79.29,2022,3
22238,10447,100.84,2022,4
22239,10447,77.9,2022,5
22240,10447,102.28,2022,6
22241,10447,486.26,2022,7
22242,10447,98.38,2022,8
22243,10447,82.33,2022,9
22244,10447,78.17,2022,10
22245,10447,363.43,2022,11
22246,10447,1438.97,2022,12
22247,10447,1013.28,2023,5
22248,10447,607.22,2023,8
22249,10447,207.9,2023,9
22250,10448,9193.79,2025,3
22251,10449,1355.04,2022,11
22252,10449,1850.15,2022,12
22253,10449,2812.69,2023,4
22254,10449,1243.27,2023,8
22255,10450,787.77,2019,1
22256,10450,1101.93,2019,4
22257,10450,1776.94,2019,6
22258,10450,1140.45,2019,8
22259,10451,8749.15,2023,9
22260,10452,9749.51,2019,7
22261,10453,1291.08,2021,9
22262,10453,2637.18,2021,10
22263,10453,3019.47,2021,12
22264,10453,1648.54,2022,2
22265,10454,413.91,2024,9
22266,10454,689.13,2024,10
22267,10454,935.92,2024,12
22268,10454,102.48,2025,4
22269,10455,5659.45,2018,10
22270,10455,2711.92,2018,12
22271,10456,2874.95,2020,6
22272,10456,2906.23,2020,9
22273,10456,6147.46,2021,2
22274,10456,918.26,2021,8
22275,10457,1932.4,2021,6
22276,10457,3067.99,2021,7
22277,10457,4420.56,2021,11
22278,10458,614.94,2018,9
22279,10458,1681.27,2018,12
22280,10458,771.46,2019,7
22281,10458,278.71,2020,1
22282,10459,720.26,2020,11
22283,10459,393.79,2020,12
22284,10459,429.35,2021,1
22285,10459,478.98,2021,2
22286,10459,2723.69,2021,3
22287,10459,401.07,2021,4
22288,10459,2889.39,2021,6
22289,10459,3098.37,2021,11
22290,10459,1478.22,2022,2
22291,10459,1730.8,2022,6
22292,10460,792.14,2020,10
22293,10460,1188.88,2021,1
22294,10460,1472.44,2021,6
22295,10460,212.18,2021,12
22296,10461,1276.92,2022,6
22297,10461,1259.57,2022,7
22298,10461,1696.37,2022,9
22299,10461,947.14,2022,12
22300,10462,2868.36,2021,12
22301,10463,2737.66,2021,12
22302,10463,674.19,2022,1
22303,10463,550.68,2022,2
22304,10463,515.45,2022,3
22305,10463,598.56,2022,4
22306,10463,536.03,2022,5
22307,10463,4407.94,2022,7
22308,10463,2247.34,2022,8
22309,10463,3329.09,2022,11
22310,10463,2321.17,2023,4
22311,10463,3162.19,2023,9
22312,10464,3414.69,2022,11
22313,10465,725.37,2024,7
22314,10465,1146.48,2024,8
22315,10465,1464.41,2025,1
22316,10465,321.48,2025,2
22317,10466,839.46,2019,3
22318,10466,1410.92,2019,4
22319,10466,2070.56,2019,7
22320,10467,1950.4,2021,8
22321,10467,5291.26,2022,2
22322,10467,2268.41,2022,6
22323,10467,959.94,2023,3
22324,10468,2089.12,2019,6
22325,10468,5621.88,2019,9
22326,10468,2513.33,2020,1
22327,10468,4860.19,2020,8
22328,10469,261.96,2019,10
22329,10469,267.86,2019,11
22330,10469,540.63,2020,2
22331,10470,354.83,2025,11
22332,10471,1433.79,2022,9
22333,10472,1748.24,2022,7
22334,10472,2376.29,2022,8
22335,10472,254.68,2022,9
22336,10472,265,2022,10
22337,10472,2823.16,2022,11
22338,10472,261.13,2022,12
22339,10472,2728.55,2023,4
22340,10472,1925.49,2023,9
22341,10472,472.26,2024,1
22342,10473,442.34,2022,10
22343,10473,743.87,2022,11
22344,10473,1163.39,2023,2
22345,10473,445.05,2023,9
22346,10474,14566.35,2022,10
22347,10474,2163.35,2023,5
22348,10476,5132.19,2023,6
22349,10477,559.38,2024,10
22350,10477,493.57,2024,12
22351,10477,699.53,2025,5
22352,10477,303.36,2025,7
22353,10478,7536.83,2024,8
22354,10478,2482.1,2025,3
22355,10479,1606.36,2021,1
22356,10479,115.4,2021,6
22357,10480,7906.2,2022,8
22358,10480,830.27,2023,2
22359,10482,1187.99,2023,7
22360,10482,1729.2,2023,8
22361,10482,1782.49,2024,1
22362,10482,404.54,2024,3
22363,10483,400.14,2018,1
22364,10483,1054.25,2018,2
22365,10483,367.44,2018,3
22366,10483,388.57,2018,4
22367,10483,1537.34,2018,6
22368,10483,2928.84,2018,8
22369,10483,1976.4,2019,1
22370,10483,1652.32,2019,8
22371,10483,1195.62,2019,11
22372,10484,1434.75,2023,2
22373,10484,2413.98,2023,3
22374,10484,3622.64,2023,5
22375,10484,298.18,2023,9
22376,10485,647.52,2019,4
22377,10485,1018.23,2019,6
22378,10485,1089.96,2019,10
22379,10485,314.54,2020,2
22380,10486,4811.09,2020,4
22381,10487,1199.42,2025,4
22382,10487,2013.09,2025,7
22383,10487,2748.34,2025,11
22384,10487,102.37,2025,12
22385,10488,12454.85,2019,3
22386,10488,973.71,2019,9
22387,10489,3009.28,2022,10
22388,10490,506.48,2024,9
22389,10490,693.01,2025,2
22390,10490,1517.22,2025,4
22391,10491,1985.59,2025,4
22392,10492,1085.31,2023,7
22393,10492,267.04,2023,8
22394,10492,254.49,2023,9
22395,10492,300.43,2023,10
22396,10492,1733.89,2023,11
22397,10492,659.09,2023,12
22398,10492,432.63,2024,4
22399,10492,1171.87,2024,6
22400,10492,890.97,2024,9
22401,10492,366.26,2024,12
22402,10493,2750.43,2021,10
22403,10494,570.62,2023,10
22404,10495,4231.37,2020,12
22405,10496,45.67,2018,2
22406,10496,39.31,2018,3
22407,10496,286.87,2018,4
22408,10496,36.47,2018,5
22409,10496,39.93,2018,6
22410,10496,38.06,2018,7
22411,10496,103.97,2018,8
22412,10496,47.38,2018,9
22413,10496,46.61,2018,10
22414,10496,633.43,2019,1
22415,10496,472.47,2019,5
22416,10496,327.2,2019,12
22417,10496,434.44,2020,2
22418,10497,4744.89,2019,5
